workbook,sheet,max_row,max_column,nonempty_cells,formula_cells,sample_values
data/workbooks/modernized/ats_long_trip_preliminary_data.xlsx,Neighbors-by-O-OOS,54,65,3381,2703,FULLNAME | Alabama | Alaska | Arizona | Arkansas | California | Colorado | Connecticut | Delaware | Distict-of-Columbia
data/workbooks/modernized/ats_long_trip_preliminary_data.xlsx,Destinations (2),50,3,150,0,TRIPS-WITHIN-ALABAMA | 7205 | 9734 | TRIPS-WITHIN-ALASKA | 1798 | 636 | TRIPS-WITHIN-ARIZONA | 10895 | 8689 | TRIPS-WITHIN-ARKANSAS
data/workbooks/modernized/ats_long_trip_preliminary_data.xlsx,Summary,53,11,413,102,Vistors to State by Origin | Destinations by Residents of | Visitors | Residents | FULLNAME | In-State | Out-of-State | In-State | Out-Of-Staet | Ratio
data/workbooks/modernized/ats_long_trip_preliminary_data.xlsx,Origins,2567,4,7658,3,TRIPS-WITHIN-ALABAMA | 7205 | 9591 | =SUM(B2:B52) | Alaska | 6 | 9585 | Arizona | 29 | 9556
data/workbooks/modernized/ats_long_trip_preliminary_data.xlsx,Neighbors-by-O,54,55,2964,2703,FULLNAME | Alabama | Alaska | Arizona | Arkansas | California | Colorado | Connecticut | Delaware | Distict-of-Columbia
data/workbooks/modernized/ats_long_trip_preliminary_data.xlsx,TripTable,53,53,2809,103,O \  D | Alabama | Alaska | Arizona | Arkansas | California | Colorado | Connecticut | Delaware | Distict0of0Columbia
data/workbooks/modernized/ats_long_trip_preliminary_data.xlsx,Destinations,2555,3,7655,0,TRIPS-WITHIN-ALABAMA | 7205 | 9734 | Alaska | 9 | 9725 | Arizona | 27 | 11496 | Arkansas
data/workbooks/modernized/california_aggregated_puma_trip_tables.xlsx,NeighborEffect-i-UB,49,47,2202,1980,Sum of TRIPS | D-APUMA | O-APUMA | 0 | 1 | 2 | 3 | 4 | 5 | 6
data/workbooks/modernized/california_aggregated_puma_trip_tables.xlsx,NeighborEffect-i=3,49,47,2202,1980,Sum of TRIPS | D-APUMA | O-APUMA | 0 | 1 | 2 | 3 | 4 | 5 | 6
data/workbooks/modernized/california_aggregated_puma_trip_tables.xlsx,NeighborEffect-i=2,49,47,2202,1980,Sum of TRIPS | D-APUMA | O-APUMA | 0 | 1 | 2 | 3 | 4 | 5 | 6
data/workbooks/modernized/california_aggregated_puma_trip_tables.xlsx,NeighborEffect-i=1,49,47,2202,1980,Sum of TRIPS | D-APUMA | O-APUMA | 0 | 1 | 2 | 3 | 4 | 5 | 6
data/workbooks/modernized/california_aggregated_puma_trip_tables.xlsx,Summary-MSA&CMSA,25,5,84,0,O-MSA | TollShare | O-CMSA | PredictedTollShare | 360 | 0.125160986042157 | 680 | 0.0266891438617458 | 680 | 0.0266887424217458
data/workbooks/modernized/california_aggregated_puma_trip_tables.xlsx,Summary-APUMA,43,8,178,0,Predicted Toll Shares by Alternative Geographies | CMSA | Metro Area | Share | APUMA (Counties) | Share | APUMA | 680 | Bakersfield | 0.0266891438617458
data/workbooks/modernized/california_aggregated_puma_trip_tables.xlsx,Babblefish-APUMA,87,25,1125,0,INTPUMA | APUMA | Total | APUMA | Total | COU | APUMA | NAME | INTPUMA | APUMA
data/workbooks/modernized/california_aggregated_puma_trip_tables.xlsx,OD-PUMA(Val),97,90,7739,257,CA-JTW-TRIPS | 1 | 2 | 3 | 4 | 5 | 6 | 7 | 8 | 9
data/workbooks/modernized/california_aggregated_puma_trip_tables.xlsx,OD-PUMA(rev),85,88,7479,7308,1 | 2 | 3 | 4 | 5 | 6 | 7 | 8 | 9 | 10
data/workbooks/modernized/california_aggregated_puma_trip_tables.xlsx,OD-APUMA(Val),50,75,3222,789,Sum of TRIPS | D-APUMA | NoNeighbor | ITERATION 0 | ITERATION 1 | ITERATION 2 | ITERATION 3 | UPPER BOUND (All Neighbors Tolls=1) | O-APUMA | 0
data/workbooks/modernized/california_aggregated_puma_trip_tables.xlsx,OD-APUMA(rev),44,47,1806,0,Sum of TRIPS | D-APUMA | O-APUMA | 0 | 1 | 2 | 3 | 4 | 5 | 6
data/workbooks/modernized/california_aggregated_puma_trip_tables.xlsx,MASTER6,6336,6,38004,19000,"O-INTPUMA | D-INTPUMA | TRIPS | O-APUMA | D-APUMA | =B2*1000+C2 | 1 | 0 | 70434 | =VLOOKUP(B2,'Babblefish-APUMA'!$A$1:$B$86,2)"
data/workbooks/modernized/california_msa_cmsa_trip_tables.xlsx,OD-MSA(Val),33,50,1197,327,Sum of TRIPS | D-MSA | NoNeighbor | O-MSA | 0 | 360 | 680 | 1620 | 2840 | 4480
data/workbooks/modernized/california_msa_cmsa_trip_tables.xlsx,OD-MSA,27,31,769,0,Sum of TRIPS | D-MSA | O-MSA | 0 | 1 | 360 | 680 | 858 | 983 | 999
data/workbooks/modernized/california_msa_cmsa_trip_tables.xlsx,OD-CMSA(Val),26,36,659,219,Sum of TRIPS | D-CMSA | DMLPUMA | O-CMSA | 0 | 680 | 1620 | 2840 | 4472 | 4940
data/workbooks/modernized/california_msa_cmsa_trip_tables.xlsx,OD-CMSA,19,23,392,0,Sum of TRIPS | D-CMSA | O-CMSA | 0 | 1 | 680 | 858 | 983 | 999 | 1620
data/workbooks/modernized/california_msa_cmsa_trip_tables.xlsx,MASTER6,6336,8,50672,31666,O-INTPUMA | D-INTPUMA | TRIPS | O-MSA | D-MSA | O-CMSA | D-CMSA | =B2*1000+C2 | 1 | 0
data/workbooks/modernized/california_msa_cmsa_trip_tables.xlsx,MSA-Lookup,103,34,1243,187,INTPUMA | COU | NAME | COU | NAME | INTPUMA | MSA/PMSA | Representative County | MSA/PMSA | Representative County
data/workbooks/modernized/california_puma_abbrev.xlsx,Summary,104,19,992,57,NAME | COU | INTPUMA | DMLPUMA | INTPUMA | COU | COU | INTPUMA | INTPUMA | DMLPUMA
data/workbooks/modernized/california_puma_abbrev.xlsx,IntPUMAPop,88,3,261,85,"Sum of POPULATION | INTPUMA | Total | DMLPUMA | 1 | 104267 | =VLOOKUP(A3,Summary!$O$1:$P$86,2) | 2 | 119118 | =VLOOKUP(A4,Summary!$O$1:$P$86,2)"
data/workbooks/modernized/california_puma_abbrev.xlsx,CountyPop,61,4,237,0,Sum of POPULATION | COU | Total | 1 | 1279182 | Alameda County (part) | 1 | 3 | 1113 | Alpine County
data/workbooks/modernized/california_puma_abbrev.xlsx,MSAPop,27,2,53,0,Sum of POPULATION | MSA/PMSA | Total | 360 | 2410556 | 680 | 543477 | 1620 | 182120 | 2840
data/workbooks/modernized/california_puma_abbrev.xlsx,CountSum,89,62,626,145,Sum of POPULATION | COU | DMLPUMA | INTPUMA | 1 | 3 | 5 | 7 | 9 | 11
data/workbooks/modernized/california_puma_abbrev.xlsx,CaliforniaPUMA-abbrev,4100,20,48132,4198,NAME | POPULATION | ST | COU | MCD | PLACE | TRACT | MSA/PMSA | PUMA | INTPUMA
data/workbooks/modernized/cost_model_supporting_calculations.xlsx,Sheet2,1,1,0,0,
data/workbooks/modernized/cost_model_supporting_calculations.xlsx,Rev,20,9,75,0,SUMMARY OUTPUT | Regression Statistics | Multiple R | 0.980701625745925 | R Square | 0.961775678740699 | Adjusted R Square | 0.959335828447552 | Standard Error | 329939.412264924
data/workbooks/modernized/cost_model_supporting_calculations.xlsx,ln(Rev),20,9,75,0,SUMMARY OUTPUT | Regression Statistics | Multiple R | 0.941124980944852 | R Square | 0.885716229758447 | Adjusted R Square | 0.878421521019625 | Standard Error | 0.355554752100084
data/workbooks/modernized/cost_model_supporting_calculations.xlsx,ln(Rev)2,21,9,84,0,SUMMARY OUTPUT | Regression Statistics | Multiple R | 0.942064755399573 | R Square | 0.887486003366058 | Adjusted R Square | 0.877702177571802 | Standard Error | 0.356605056297913
data/workbooks/modernized/cost_model_supporting_calculations.xlsx,ln(TotExp),21,9,84,0,SUMMARY OUTPUT | Regression Statistics | Multiple R | 0.946305574783387 | R Square | 0.895494240866117 | Adjusted R Square | 0.886406783550127 | Standard Error | 0.293721229522773
data/workbooks/modernized/cost_model_supporting_calculations.xlsx,ln(NonCapExp),21,9,84,0,SUMMARY OUTPUT | Regression Statistics | Multiple R | 0.932581857191156 | R Square | 0.869708920362105 | Adjusted R Square | 0.858379261263158 | Standard Error | 0.357854257973263
data/workbooks/modernized/cost_model_supporting_calculations.xlsx,Correlate,4,4,12,0,Rhoii | Rhoij | Rhoji | Rhoii | 1 | Rhoij | 0.293235572233074 | 1 | Rhoji | 0.319663107061399
data/workbooks/modernized/cost_model_supporting_calculations.xlsx,Corr2,5,5,18,0,Rhoii | Rhoij | Rhoji | Share | Rhoii | 1 | Rhoij | 0.293235572233074 | 1 | Rhoji
data/workbooks/modernized/cost_model_supporting_calculations.xlsx,Corr3,15,15,133,0,Rhoii | Rhoij | Rhoji | Share | RhoTot | RhoOrig | RhoCordon | Rhoii/RhoOrig | Rhoii/RhoTot | Rhoij/RhoTot
data/workbooks/modernized/cost_model_supporting_calculations.xlsx,ln(TotExp2),22,9,93,0,SUMMARY OUTPUT | Regression Statistics | Multiple R | 0.94631216840436 | R Square | 0.895506720070162 | Adjusted R Square | 0.883896355633513 | Standard Error | 0.296949135319755
data/workbooks/modernized/cost_model_supporting_calculations.xlsx,VMT1,20,9,75,0,SUMMARY OUTPUT | Regression Statistics | Multiple R | 0.97544663622204 | R Square | 0.951496140116894 | Adjusted R Square | 0.948400149060525 | Standard Error | 11191.9738592385
data/workbooks/modernized/cost_model_supporting_calculations.xlsx,VMT2,19,9,66,0,SUMMARY OUTPUT | Regression Statistics | Multiple R | 0.974121436981787 | R Square | 0.948912573987461 | Adjusted R Square | 0.946783931236939 | Standard Error | 11365.9007132384
data/workbooks/modernized/cost_model_supporting_calculations.xlsx,VMT3,21,9,84,0,SUMMARY OUTPUT | Regression Statistics | Multiple R | 0.937635561782196 | R Square | 0.879160446718615 | Adjusted R Square | 0.868652659476756 | Standard Error | 0.371364091925746
data/workbooks/modernized/cost_model_supporting_calculations.xlsx,VMT4,18,9,57,0,SUMMARY OUTPUT | Regression Statistics | Multiple R | 0.968382626212019 | R Square | 0.937764910749287 | Adjusted R Square | 0.936494806887028 | Standard Error | 12416.1538144412
data/workbooks/modernized/cost_model_supporting_calculations.xlsx,Data,55,66,3242,1347,x | NONWORKERS | WORKERS | RESIDENTS | In-State | Ri | Ro | JOBS | WorkersWhoLiveInState | Wi
data/workbooks/modernized/federal_lands_by_state.xlsx,Sheet1,54,8,429,0,Public Domain | Other Methods | Total Federal Acres | Total Acres not Federal | Total Acres of State | Percent Federal | State | Alabama | 1424.2 | 1070764.4
data/workbooks/modernized/federal_lands_by_state.xlsx,Sheet2,1,1,0,0,
data/workbooks/modernized/federal_lands_by_state.xlsx,Sheet3,1,1,0,0,
data/workbooks/modernized/fhwa_highway_finance_master.xlsx,final_out,7608,8,22284,0,STAT: State Transportation Analysis Tables | Logo for STAT | Logo for STAT | Logo for STAT | Levinson-Stat | Index | Grand Total Distributed | Disposition of Receipts - By State and local governments - Total Distributed | Disp of Recpts-By State and local govts- For gen purp | Disposition of Receipts - By State and local govts - For Mass transit purposes
data/workbooks/modernized/journey_to_work_state_trip_table.xlsx,NeighborTollShare,55,64,3389,2862,x | x | NOTWORK | WORK | TOTAL | alabama | alaska | arizona | arkansas | califo~1
data/workbooks/modernized/journey_to_work_state_trip_table.xlsx,Summary,53,3,158,0,State | WorkersWhoLiveInState | ResidentsWhoWorkInState | alabama | 0.976148123293445 | 0.964001482475272 | alaska | 0.970166284467192 | 0.995585231557447 | arizona
data/workbooks/modernized/journey_to_work_state_trip_table.xlsx,Sheet2,24,9,111,3,SUMMARY OUTPUT | Regression Statistics | Multiple R | 0.45033908651088 | R Square | 0.202805292839454 | Adjusted R Square | 0.0730294102784345 | Standard Error | 0.0701005590730639
data/workbooks/modernized/journey_to_work_state_trip_table.xlsx,Sheet3,21,9,84,0,SUMMARY OUTPUT | Regression Statistics | Multiple R | 0.45033908651088 | R Square | 0.202805292839454 | Adjusted R Square | 0.133484013955928 | Standard Error | 0.0677761341286138
data/workbooks/modernized/journey_to_work_state_trip_table.xlsx,Sheet4,19,9,66,0,SUMMARY OUTPUT | Regression Statistics | Multiple R | 0.240847911880419 | R Square | 0.0580077166571581 | Adjusted R Square | 0.0187580381845397 | Standard Error | 0.0721234611433016
data/workbooks/modernized/journey_to_work_state_trip_table.xlsx,Sheet5,19,9,66,0,SUMMARY OUTPUT | Regression Statistics | Multiple R | 0.325293642718769 | R Square | 0.105815953993246 | Adjusted R Square | 0.0685582854096316 | Standard Error | 0.0702694162729294
data/workbooks/modernized/journey_to_work_state_trip_table.xlsx,Sheet1,53,33,1482,833,x | x | NONWORKERS | WORKERS | RESIDENTS | In-State | Ri | Ro | JOBS | WorkersWhoLiveInState
data/workbooks/modernized/journey_to_work_state_trip_table.xlsx,Table,54,59,3178,312,x | x | NOTWORK | WORK | TOTAL | alabama | alaska | arizona | arkansas | califo~1
data/workbooks/modernized/journey_to_work_state_trip_table.xlsx,P0A,102,102,10302,0,x | alabama | alaska | x | arizona | x | arkansas | x | califo~1 | x
data/workbooks/modernized/regress_data_workbook.xlsx,Sheet1,56,7,376,1,STATE | FULLNAME | TollShare | Population | OldTollMileRatio | Workers Who Live OOS (JTW) | N1^4 | AL | ALABAMA | 0
data/workbooks/modernized/regress_data_workbook.xlsx,Sheet2,1,1,0,0,
data/workbooks/modernized/regress_data_workbook.xlsx,Sheet3,1,1,0,0,
data/workbooks/modernized/state_toll_regression_workbook.xlsx,Select (2),51,8,400,0,"STATE | TollShare (S) | Workers Who Live Out of State (O) | Percent Federal Land | TollShare in Neighboring States | Residents Who Work Out of State | TollMile1963 | Freeways, Expwy, Interstates 1995 Miles | ALABAMA | 0"
data/workbooks/modernized/state_toll_regression_workbook.xlsx,LAND_ALL,20,9,58,0,SUMMARY OUTPUT = TOLL SHARE | Regression Statistics | Multiple R | 0.30177658377542 | R Square | 0.091069106515163 | Adjusted R Square | 0.0721330462342289 | Standard Error | 0.0698114434751775
data/workbooks/modernized/state_toll_regression_workbook.xlsx,LAND_TOLLSTATES,18,9,57,0,SUMMARY OUTPUT = TOLLSHARE | Regression Statistics | Multiple R | 0.320393856181174 | R Square | 0.102652223078643 | Adjusted R Square | 0.0746101050498504 | Standard Error | 0.0780976599473187
data/workbooks/modernized/state_toll_regression_workbook.xlsx,LANDPOP_TOLL STATES,19,9,66,0,SUMMARY OUTPUT = TOLLSHARE | Regression Statistics | Multiple R | 0.525766289603778 | R Square | 0.276430191283724 | Adjusted R Square | 0.224746633518276 | Standard Error | 0.0728711380785578
data/workbooks/modernized/state_toll_regression_workbook.xlsx,NOTLOG-NOTLOG,20,9,75,0,SUMMARY OUTPUT = TOLLSHARE | Regression Statistics | Multiple R | 0.525245282716707 | R Square | 0.275882607016153 | Adjusted R Square | 0.228657559647642 | Standard Error | 0.0636513146430082
data/workbooks/modernized/state_toll_regression_workbook.xlsx,LOG-LOG,20,9,75,0,SUMMARY OUTPUT = LOG(TOLLSHARE+1) | Regression Statistics | Multiple R | 0.437026480264225 | R Square | 0.190992144452137 | Adjusted R Square | 0.138230762568581 | Standard Error | 0.0598913501247366
data/workbooks/modernized/state_toll_regression_workbook.xlsx,LOG-NOTLOG,20,9,75,0,SUMMARY OUTPUT = LOG(TOLLSHARE+1) | Regression Statistics | Multiple R | 0.530026479822233 | R Square | 0.280928069312748 | Adjusted R Square | 0.234032073833144 | Standard Error | 0.0564642939858568
data/workbooks/modernized/state_toll_regression_workbook.xlsx,NOTLOG-LOG,20,9,75,0,SUMMARY OUTPUT = TOLLSHARE | Regression Statistics | Multiple R | 0.430702971364682 | R Square | 0.185505049542366 | Adjusted R Square | 0.132385813642955 | Standard Error | 0.0675067323313758
data/workbooks/modernized/state_toll_regression_workbook.xlsx,"LOG-NL=f(L,P,O)",20,9,75,0,SUMMARY OUTPUT=LOG(TOLLSHARE) | Regression Statistics | Multiple R | 0.578327528219052 | R Square | 0.334462729895959 | Adjusted R Square | 0.290093578555689 | Standard Error | 0.0547212266208686
data/workbooks/modernized/state_toll_regression_workbook.xlsx,"LOG-NL=f(L,P,O,O')",21,9,84,0,SUMMARY OUTPUT DEP=LOG(TOLLSHARE) | Regression Statistics | Multiple R | 0.587776823942561 | R Square | 0.345481594764004 | Adjusted R Square | 0.285979921560732 | Standard Error | 0.054879542696917
data/workbooks/modernized/state_toll_regression_workbook.xlsx,"NL-NL=f(L,P,O,J)",21,9,84,0,SUMMARY OUTPUT DEP=(TOLLSHARE) | Regression Statistics | Multiple R | 0.612085405708762 | R Square | 0.37464854388166 | Adjusted R Square | 0.317798411507265 | Standard Error | 0.0602773011168014
data/workbooks/modernized/state_toll_regression_workbook.xlsx,"LOG-NL=f(L,P,O,J)",21,9,84,0,SUMMARY OUTPUT DEP=LOG(TOLLSHARE) | Regression Statistics | Multiple R | 0.623048076586094 | R Square | 0.388188905737632 | Adjusted R Square | 0.332569715350144 | Standard Error | 0.053058898038085
data/workbooks/modernized/state_toll_regression_workbook.xlsx,"LOG-NL=f(P,O,J)",20,9,75,0,SUMMARY OUTPUT DEP=LOG(TOLLSHARE) | Regression Statistics | Multiple R | 0.607706236026309 | R Square | 0.369306869305264 | Adjusted R Square | 0.327260660592281 | Standard Error | 0.0532695077748654
data/workbooks/modernized/state_toll_regression_workbook.xlsx,"LAND=f(P,O,J)",20,9,76,0,SUMMARY OUTPUT | DEP=LAND | Regression Statistics | Multiple R | 0.709053361829555 | R Square | 0.502756669921793 | Adjusted R Square | 0.469607114583246 | Standard Error
data/workbooks/modernized/state_toll_regression_workbook.xlsx,"LOG-NL-f(P,O,J,Neigh)",21,9,84,0,SUMMARY OUTPUT | Regression Statistics | Multiple R | 0.615640337069815 | R Square | 0.379013024627435 | Adjusted R Square | 0.32255966322993 | Standard Error | 0.0534553032599234
data/workbooks/modernized/state_toll_regression_workbook.xlsx,"LOG-NL-f(P,Ov,Ow,Ro)",21,9,84,0,SUMMARY OUTPUT | Regression Statistics | Multiple R | 0.66672354166605 | R Square | 0.444520281011721 | Adjusted R Square | 0.394022124740059 | Standard Error | 0.0505572747490842
data/workbooks/modernized/state_toll_regression_workbook.xlsx,"LOG-NL-f(P,Ow)",19,9,66,0,SUMMARY OUTPUT | Regression Statistics | Multiple R | 0.644880228013215 | R Square | 0.415870508482376 | Adjusted R Square | 0.390473574068566 | Standard Error | 0.0507050880438554
data/workbooks/modernized/state_toll_regression_workbook.xlsx,"LOG-NL-f(D,Ow)",19,9,66,0,SUMMARY OUTPUT | Regression Statistics | Multiple R | 0.619693745793177 | R Square | 0.384020338575179 | Adjusted R Square | 0.357238614165404 | Standard Error | 0.0520691107583229
data/workbooks/modernized/state_toll_regression_workbook.xlsx,"LOG-NL-f(D,P,Ow)",20,9,75,0,SUMMARY OUTPUT | Regression Statistics | Multiple R | 0.693211905137287 | R Square | 0.480542745424066 | Adjusted R Square | 0.445912261785671 | Standard Error | 0.0483442181893216
data/workbooks/modernized/state_toll_regression_workbook.xlsx,"LOG-NL-f(D,P,Ow,Ov)",21,9,84,0,SUMMARY OUTPUT | Regression Statistics | Multiple R | 0.694158295978623 | R Square | 0.481855739875946 | Adjusted R Square | 0.434751716228305 | Standard Error | 0.0488286703032654
data/workbooks/modernized/state_toll_regression_workbook.xlsx,"LOG-NL-f(D,P,Ow,Ro)",21,9,84,0,SUMMARY OUTPUT | Regression Statistics | Multiple R | 0.693399611115203 | R Square | 0.480803020694714 | Adjusted R Square | 0.433603295303325 | Standard Error | 0.048878247997474
data/workbooks/modernized/state_toll_regression_workbook.xlsx,"Log-NL-f(D,P,Ow,Ro,Ov,Nj)",23,9,102,0,SUMMARY OUTPUT | Regression Statistics | Multiple R | 0.744752029673544 | R Square | 0.554655585702864 | Adjusted R Square | 0.491034955088987 | Standard Error | 0.0463339419121342
data/workbooks/modernized/state_toll_regression_workbook.xlsx,"L-NL-f(D,P,Ow,Rw,Ov,Nj,Lf)",24,9,111,0,SUMMARY OUTPUT | Regression Statistics | Multiple R | 0.748681863507804 | R Square | 0.560524532745518 | Adjusted R Square | 0.485492135897192 | Standard Error | 0.0465855556805791
data/workbooks/modernized/state_toll_regression_workbook.xlsx,"L-NL-f-(P,Ow,Ro,Nj,Lf)",22,9,93,0,SUMMARY OUTPUT | Regression Statistics | Multiple R | 0.748147377500847 | R Square | 0.559724498461394 | Adjusted R Square | 0.508529672701091 | Standard Error | 0.0455306575841562
data/workbooks/modernized/state_toll_regression_workbook.xlsx,"N-N-f(P,Ow,Ro,Nj,Lf)",22,9,93,0,SUMMARY OUTPUT | Regression Statistics | Multiple R | 0.748430931203836 | R Square | 0.560148858782641 | Adjusted R Square | 0.509003377245739 | Standard Error | 0.0511371697833848
data/workbooks/modernized/state_toll_regression_workbook.xlsx,FINAL-1,23,9,102,0,SUMMARY OUTPUT | Regression Statistics | Multiple R | 0.809297765749897 | R Square | 0.654962873647775 | Adjusted R Square | 0.605671855597457 | Standard Error | 0.0458275165759488
data/workbooks/modernized/state_toll_regression_workbook.xlsx,Sheet3,22,9,93,0,SUMMARY OUTPUT | Regression Statistics | Multiple R | 0.809293203915885 | R Square | 0.654955489904439 | Adjusted R Square | 0.614834035242164 | Standard Error | 0.0452919884038406
data/workbooks/modernized/state_toll_regression_workbook.xlsx,Sheet8,23,9,102,0,SUMMARY OUTPUT | Regression Statistics | Multiple R | 0.801116015713826 | R Square | 0.641786870633195 | Adjusted R Square | 0.590613566437938 | Standard Error | 0.0466943311534475
data/workbooks/modernized/state_toll_regression_workbook.xlsx,"Ro=f(L,D)",19,9,67,0,SUMMARY OUTPUT | dep=residents who work of jurisdiction | Regression Statistics | Multiple R | 0.565375651256394 | R Square | 0.319649627033592 | Adjusted R Square | 0.290069176035052 | Standard Error
data/workbooks/modernized/state_toll_regression_workbook.xlsx,"N-N-f(P,M,Ow,RoxN2^4)",45,7,129,0,XLSTAT - Regression / Started on 11/18/98 at 1:12:35 PM | Input data :  | Y variable : Workbook = Levinson-stat.xls / Sheet = Select / Range = $C$3:$C$52 | Numerical variables : Workbook = Levinson-stat.xls / Sheet = Select / Range = $M$3:$P$52 | Categorical variables : None | Mean | Std. dev. | Min | Max | TollShare
data/workbooks/modernized/state_toll_regression_workbook.xlsx,Sheet1,111,9,587,0,XLSTAT - Regression / Started on 11/24/98 at 10:43:32 AM | Input data :  | Y variable : Workbook = Levinson-stat.xls / Sheet = Select / Range = $C$3:$C$52 | Numerical variables : Workbook = Levinson-stat.xls / Sheet = Select / Range = $M$3:$P$52 | Categorical variables : None | Mean | Std. dev. | Min | Max | TollShare
data/workbooks/modernized/state_toll_regression_workbook.xlsx,Final-2,45,7,129,0,XLSTAT - Regression / Started on 11/18/98 at 4:10:42 PM | Input data :  | Y variable : Workbook = Levinson-stat.xls / Sheet = Select / Range = $C$3:$C$52 | Numerical variables : Workbook = Levinson-stat.xls / Sheet = Select / Range = $M$3:$P$52 | Categorical variables : None | Mean | Std. dev. | Min | Max | TollShare
data/workbooks/modernized/state_toll_regression_workbook.xlsx,"Ow=f(L,D)",19,9,67,0,SUMMARY OUTPUT | dep=Workers who live out of jurisdiction | Regression Statistics | Multiple R | 0.528369651781594 | R Square | 0.279174488923803 | Adjusted R Square | 0.247834249311794 | Standard Error
data/workbooks/modernized/state_toll_regression_workbook.xlsx,Chart1,1,1,0,0,
data/workbooks/modernized/state_toll_regression_workbook.xlsx,L-L,21,9,84,0,SUMMARY OUTPUT | Regression Statistics | Multiple R | 0.765903371456073 | R Square | 0.58660797440778 | Adjusted R Square | 0.549026881172123 | Standard Error | 0.043614470008222
data/workbooks/modernized/state_toll_regression_workbook.xlsx,NL-L,21,9,84,0,SUMMARY OUTPUT | Regression Statistics | Multiple R | 0.755906108699707 | R Square | 0.571394045169533 | Adjusted R Square | 0.532429867457673 | Standard Error | 0.0499023291429302
data/workbooks/modernized/state_toll_regression_workbook.xlsx,NL-NL,21,9,84,0,SUMMARY OUTPUT | Regression Statistics | Multiple R | 0.809253939700147 | R Square | 0.654891938920209 | Adjusted R Square | 0.623518478822047 | Standard Error | 0.0447784718034609
data/workbooks/modernized/state_toll_regression_workbook.xlsx,L-NL,21,9,84,0,SUMMARY OUTPUT | Regression Statistics | Multiple R | 0.815134660113196 | R Square | 0.664444514117856 | Adjusted R Square | 0.633939469946752 | Standard Error | 0.0392944960830511
data/workbooks/modernized/state_toll_regression_workbook.xlsx,Sheet4,18,2,36,0,0 | 0 | 3.56932652067474 | 1.36813196464336 | 0 | 0 | -0.127847688902425 | 2.75961260908235 | 0 | 0
data/workbooks/modernized/state_toll_regression_workbook.xlsx,Sheet5,18,2,36,0,0 | 0 | 3.56932652067474 | 1.36813196464336 | 0 | 0 | -0.127847688902425 | 2.75961260908235 | 0 | 0
data/workbooks/modernized/state_toll_regression_workbook.xlsx,Correlate,115,10,907,0,TollShare | Population | TollMile1963 | ImportedWorkers | ResidentsWhoWorkInState | NeighborTolls | Land | Density | Federal | TollShare
data/workbooks/modernized/state_toll_regression_workbook.xlsx,Sheet7,21,9,84,0,SUMMARY OUTPUT | Regression Statistics | Multiple R | 0.569302539784437 | R Square | 0.324105381805011 | Adjusted R Square | 0.262660416514557 | Standard Error | 0.0231209770926888
data/workbooks/modernized/state_toll_regression_workbook.xlsx,Sheet9,20,9,75,0,SUMMARY OUTPUT | Regression Statistics | Multiple R | 0.549025396078442 | R Square | 0.30142888553909 | Adjusted R Square | 0.254857477908362 | Standard Error | 0.0232429946635766
data/workbooks/modernized/state_toll_regression_workbook.xlsx,Sheet11,19,9,66,0,SUMMARY OUTPUT | Regression Statistics | Multiple R | 0.511523758354226 | R Square | 0.261656555360832 | Adjusted R Square | 0.229554666463477 | Standard Error | 0.0236343315311953
data/workbooks/modernized/state_toll_regression_workbook.xlsx,Sheet6,50,6,300,0,FULLNAME | AVG-Neighbor-2 | Population | Land | Density | Workers Who Live OOS (JTW) | ALABAMA | 0.0166414648812586 | 4252982 | 50750
data/workbooks/modernized/state_toll_regression_workbook.xlsx,Sheet2,21,9,84,0,SUMMARY OUTPUT | Regression Statistics | Multiple R | 0.796954860145079 | R Square | 0.635137049108862 | Adjusted R Square | 0.60196768993694 | Standard Error | 0.0460422564179728
data/workbooks/modernized/state_toll_regression_workbook.xlsx,UberSelect,56,25,1013,149,STATE | FULLNAME | TollShare | LN(S/(1-S)) | TollMile1963 | Population | OldTollMileRatio | Workers Who Live OOS (JTW) | Ro | ResidentsWhoWorkInState
data/workbooks/modernized/state_toll_regression_workbook.xlsx,2sls,22,9,93,6,SUMMARY OUTPUT | Regression Statistics | Multiple R | 0.809253939700147 | R Square | 0.654891938920209 | Adjusted R Square | 0.614763094608606 | Standard Error | 0.0452961591960626
data/workbooks/modernized/state_toll_regression_workbook.xlsx,"NL-NL-f(P,M,O,N,TotExp)",22,9,93,0,SUMMARY OUTPUT | Regression Statistics | Multiple R | 0.814863452180333 | R Square | 0.664002445699249 | Adjusted R Square | 0.624932962641023 | Standard Error | 0.0446942737423695
data/workbooks/modernized/state_toll_regression_workbook.xlsx,"NL-NL-f(P,M,O,N,NonCap)",22,9,93,0,SUMMARY OUTPUT | Regression Statistics | Multiple R | 0.813554730145588 | R Square | 0.66187129894226 | Adjusted R Square | 0.622554008121593 | Standard Error | 0.0448357918810086
data/workbooks/modernized/state_toll_regression_workbook.xlsx,Sheet22,419,18,3291,492,FULLNAME | TollShare | LN(S/1-S) | NonTollShare | LN(S/1-S) | =A1 | Binary | Population | OldTollMileRatio | Workers Who Live OOS (JTW)
data/workbooks/modernized/state_toll_regression_workbook.xlsx,BinaryChoice,847,17,7195,491,FULLNAME | TollShare | LN(S/1-S) | NonTollShare | LN(S/1-S) | =A1 | Binary | Population | OldTollMileRatio | Workers Who Live OOS (JTW)
data/workbooks/modernized/state_toll_regression_workbook.xlsx,VMT,54,17,918,0,Total Rural and Urban | Urban Total | Urban Local | Urban Collector | Urban Minor Arterial | Urban Other Principal Arterial | Urban Other Freeways and Expressways | Urban Interstate | Rural Total | Rural Local
data/workbooks/modernized/state_toll_regression_workbook.xlsx,TotalWorkers,21,9,84,0,SUMMARY OUTPUT | Regression Statistics | Multiple R | 0.802828798405653 | R Square | 0.644534079549465 | Adjusted R Square | 0.612218995872144 | Standard Error | 0.0454454806500458
data/workbooks/modernized/state_toll_regression_workbook.xlsx,TotWork+Pop,22,9,93,0,Tot | Regression Statistics | Multiple R | 0.809264407314903 | R Square | 0.65490888094674 | Adjusted R Square | 0.614782006638222 | Standard Error | 0.0452950473441008
data/workbooks/modernized/state_toll_regression_workbook.xlsx,Sheet13,21,9,84,0,SUMMARY OUTPUT | Regression Statistics | Multiple R | 0.764905213279748 | R Square | 0.585079985302537 | Adjusted R Square | 0.547359983966404 | Standard Error | 0.0490991426115594
data/workbooks/modernized/state_toll_regression_workbook.xlsx,"N-N-F(M,O,P)",20,9,75,0,SUMMARY OUTPUT | Regression Statistics | Multiple R | 0.795024603874473 | R Square | 0.632064120765762 | Adjusted R Square | 0.607535062150146 | Standard Error | 0.0457191205204303
data/workbooks/modernized/state_toll_regression_workbook.xlsx,Select,59,90,3903,781,1995 | 1995 | 1995 | 1995 | 1e-06 | 1 | 0.5 | 0 | 0.5 | 1
data/workbooks/modernized/state_toll_regression_workbook.xlsx,JTW-DATA,55,8,419,102,FIPS.STATE | STUB.GEO | POPULATION | :                                        | Worked in State of residence  | STATE | P0450001    Worked in county of residence                                      | P0450002    Worked outside county of residence | P0450003  Worked outside State of residence | JTW-OOSRATIO
data/workbooks/modernized/state_toll_regression_workbook.xlsx,Linear-TollingStates,21,9,84,0,SUMMARY OUTPUT | Regression Statistics | Multiple R | 0.778711304475772 | R Square | 0.606391295718358 | Adjusted R Square | 0.552100439955373 | Standard Error | 0.0543332849273788
data/workbooks/modernized/state_toll_regression_workbook.xlsx,Logit-TollingStates,21,9,84,0,SUMMARY OUTPUT | Regression Statistics | Multiple R | 0.593726658928594 | R Square | 0.352511345522511 | Adjusted R Square | 0.263202565594581 | Standard Error | 2.20362863131691
data/workbooks/modernized/state_toll_regression_workbook.xlsx,Sheet19,21,9,84,0,SUMMARY OUTPUT | Regression Statistics | Multiple R | 0.770263876946544 | R Square | 0.593306440128721 | Adjusted R Square | 0.5372107766982 | Standard Error | 0.0552290106426509
data/workbooks/modernized/state_toll_regression_workbook.xlsx,Sheet20,21,9,84,0,SUMMARY OUTPUT | Regression Statistics | Multiple R | 0.774667781366917 | R Square | 0.600110171487941 | Adjusted R Square | 0.54495295376214 | Standard Error | 0.054765088606863
data/workbooks/modernized/state_toll_regression_workbook.xlsx,Sheet21,20,9,75,0,SUMMARY OUTPUT | Regression Statistics | Multiple R | 0.762965219870831 | R Square | 0.582115926732546 | Adjusted R Square | 0.540327519405801 | Standard Error | 0.0550427212846426
data/workbooks/modernized/state_toll_regression_workbook.xlsx,SubSelect,35,9,315,68,STATE | FULLNAME | TollShare | LN(S/(1-S)) | Population | OldTollMileRatio | Workers Who Live OOS (JTW) | N1 | N1^4 | CA
data/workbooks/modernized/state_toll_regression_workbook.xlsx,HIST-RMS,12,3,36,0,BIN | Frequency | Cumulative % | 0 | 0 | 0 | 0.01 | 5 | 0.102040816326531 | 0.05
data/workbooks/modernized/state_toll_regression_workbook.xlsx,HIST-TOLLS,13,4,48,12,BIN | Frequency | Cumulative % | 0 | 15 | 0.306122448979592 | =B2/$B$13 | 0.01 | 13 | 0.571428571428571
data/workbooks/modernized/state_toll_regression_workbook.xlsx,Equity,141,80,3523,2795,"""Perfect Tolls w/Taxes (Gas Taxes in Home State)"" | overpayment | ""Cordon Tolls w/Taxes (Gas Taxes in Home State)"" | overpayment | Annual | ""Perfect"" | PER TRIP | ""Cordon"" | CORDON SORT | PERFECT SORT"
